,rmse_train,mape_train,R2_train
0,7.790168769033631,0.9955956462949702,0.9632109018045781
