{
    "0": {
        "best_params": {
            "gamma": 5.049389808083818,
            "learning_rate": 0.016511108689972458,
            "max_depth": 4,
            "subsample": 0.7805256608620524
        },
        "test_inds": [
            2,
            3,
            15,
            21,
            22,
            30,
            32,
            36,
            72,
            75,
            77,
            81,
            85,
            87,
            90,
            95,
            98,
            99,
            101,
            103,
            106,
            114,
            120,
            124,
            125,
            130,
            132,
            135,
            148,
            155,
            166,
            171,
            175,
            176,
            178,
            185,
            190,
            193,
            201,
            203,
            204,
            208,
            212,
            221,
            225,
            230,
            233,
            237,
            256,
            261,
            264,
            271,
            275,
            277,
            278,
            282,
            286,
            299,
            309,
            311,
            315,
            316,
            324,
            326,
            328,
            329
        ]
    },
    "1": {
        "best_params": {
            "gamma": 5.875209236038625,
            "learning_rate": 0.001631739871494723,
            "max_depth": 3,
            "subsample": 0.8909230646586508
        },
        "test_inds": [
            0,
            5,
            11,
            16,
            19,
            25,
            41,
            47,
            50,
            54,
            55,
            56,
            59,
            64,
            68,
            69,
            73,
            84,
            88,
            100,
            104,
            107,
            121,
            129,
            134,
            139,
            140,
            143,
            146,
            149,
            156,
            158,
            161,
            164,
            169,
            170,
            177,
            180,
            181,
            184,
            187,
            188,
            191,
            192,
            199,
            206,
            216,
            218,
            238,
            241,
            242,
            245,
            247,
            258,
            269,
            276,
            283,
            285,
            288,
            291,
            298,
            304,
            306,
            313,
            314,
            322
        ]
    },
    "2": {
        "best_params": {
            "gamma": 4.068118340304981,
            "learning_rate": 0.0005968261193103216,
            "max_depth": 3,
            "subsample": 0.7105306234324679
        },
        "test_inds": [
            6,
            14,
            17,
            26,
            28,
            29,
            35,
            42,
            43,
            44,
            45,
            48,
            53,
            57,
            60,
            63,
            78,
            80,
            86,
            94,
            97,
            102,
            108,
            115,
            116,
            117,
            119,
            126,
            133,
            136,
            137,
            150,
            160,
            165,
            172,
            179,
            182,
            194,
            195,
            197,
            202,
            211,
            213,
            227,
            234,
            243,
            252,
            253,
            255,
            257,
            260,
            263,
            265,
            274,
            280,
            289,
            290,
            294,
            297,
            300,
            301,
            307,
            317,
            319,
            321,
            325
        ]
    },
    "3": {
        "best_params": {
            "gamma": 7.986377861939919,
            "learning_rate": 0.11336760698690247,
            "max_depth": 3,
            "subsample": 0.8038254892269605
        },
        "test_inds": [
            7,
            8,
            10,
            12,
            13,
            20,
            24,
            31,
            33,
            34,
            38,
            49,
            52,
            61,
            62,
            67,
            71,
            79,
            83,
            89,
            91,
            96,
            110,
            111,
            113,
            118,
            123,
            127,
            128,
            142,
            144,
            151,
            152,
            153,
            154,
            167,
            168,
            173,
            186,
            189,
            198,
            209,
            215,
            217,
            219,
            222,
            223,
            236,
            244,
            251,
            254,
            259,
            262,
            266,
            268,
            272,
            273,
            279,
            284,
            287,
            293,
            296,
            302,
            303,
            308,
            312
        ]
    },
    "4": {
        "best_params": {
            "gamma": 3.288143993422523,
            "learning_rate": 0.2090741151825151,
            "max_depth": 3,
            "subsample": 0.7144753955262787
        },
        "test_inds": [
            1,
            4,
            9,
            18,
            23,
            27,
            37,
            39,
            40,
            46,
            51,
            58,
            65,
            66,
            70,
            74,
            76,
            82,
            92,
            93,
            105,
            109,
            112,
            122,
            131,
            138,
            141,
            145,
            147,
            157,
            159,
            162,
            163,
            174,
            183,
            196,
            200,
            205,
            207,
            210,
            214,
            220,
            224,
            226,
            228,
            229,
            231,
            232,
            235,
            239,
            240,
            246,
            248,
            249,
            250,
            267,
            270,
            281,
            292,
            295,
            305,
            310,
            318,
            320,
            323,
            327
        ]
    }
}