{
    "0": {
        "best_params": {
            "gamma": 6.5023231875314345,
            "learning_rate": 0.013086235964404004,
            "max_depth": 3,
            "subsample": 0.8247466730983377
        },
        "test_inds": [
            5,
            11,
            22,
            23,
            36,
            42,
            44,
            52,
            53,
            58,
            61,
            66,
            70,
            77,
            84,
            87,
            94,
            96,
            97,
            98,
            105,
            111,
            113,
            117,
            119,
            127,
            140,
            141,
            142,
            149,
            155,
            157,
            158,
            168,
            173,
            177,
            181,
            187,
            189,
            195,
            200,
            203,
            208,
            215,
            217,
            218,
            243,
            244,
            252,
            253,
            255,
            262,
            265,
            269,
            272,
            278,
            286,
            289,
            293,
            296,
            297,
            309,
            312,
            319,
            322,
            329
        ]
    },
    "1": {
        "best_params": {
            "gamma": 5.415906396622615,
            "learning_rate": 0.004271735469484232,
            "max_depth": 4,
            "subsample": 0.8239170625628889
        },
        "test_inds": [
            3,
            8,
            17,
            20,
            37,
            41,
            45,
            47,
            54,
            62,
            74,
            75,
            76,
            80,
            81,
            86,
            95,
            108,
            116,
            121,
            131,
            133,
            134,
            135,
            137,
            139,
            147,
            151,
            154,
            161,
            163,
            164,
            167,
            170,
            171,
            175,
            185,
            194,
            210,
            213,
            223,
            224,
            225,
            228,
            232,
            233,
            234,
            239,
            251,
            256,
            258,
            259,
            260,
            267,
            274,
            277,
            279,
            280,
            282,
            290,
            304,
            305,
            311,
            320,
            321,
            326
        ]
    },
    "2": {
        "best_params": {
            "gamma": 1.6557147955830125,
            "learning_rate": 0.12658783507334379,
            "max_depth": 4,
            "subsample": 0.7909654701948456
        },
        "test_inds": [
            0,
            6,
            9,
            13,
            21,
            26,
            32,
            38,
            43,
            46,
            49,
            60,
            65,
            67,
            71,
            88,
            91,
            99,
            100,
            101,
            103,
            104,
            106,
            107,
            109,
            114,
            123,
            124,
            126,
            130,
            132,
            144,
            145,
            146,
            160,
            165,
            169,
            179,
            184,
            188,
            198,
            199,
            211,
            214,
            219,
            231,
            240,
            241,
            245,
            254,
            263,
            264,
            270,
            273,
            276,
            281,
            291,
            299,
            300,
            301,
            302,
            308,
            310,
            314,
            316,
            328
        ]
    },
    "3": {
        "best_params": {
            "gamma": 1.5481830617336108,
            "learning_rate": 0.05784862713522768,
            "max_depth": 3,
            "subsample": 0.7649412698120546
        },
        "test_inds": [
            1,
            2,
            10,
            24,
            27,
            29,
            33,
            34,
            35,
            39,
            40,
            48,
            59,
            63,
            72,
            79,
            82,
            83,
            85,
            92,
            102,
            110,
            112,
            115,
            118,
            120,
            125,
            138,
            143,
            153,
            156,
            159,
            162,
            166,
            172,
            174,
            178,
            180,
            191,
            193,
            197,
            201,
            205,
            206,
            207,
            222,
            227,
            229,
            235,
            236,
            237,
            242,
            246,
            247,
            261,
            266,
            271,
            284,
            287,
            294,
            295,
            303,
            306,
            313,
            315,
            324
        ]
    },
    "4": {
        "best_params": {
            "gamma": 5.824661387861671,
            "learning_rate": 0.009707038774374455,
            "max_depth": 4,
            "subsample": 0.819451759719861
        },
        "test_inds": [
            4,
            7,
            12,
            14,
            15,
            16,
            18,
            19,
            25,
            28,
            30,
            31,
            50,
            51,
            55,
            56,
            57,
            64,
            68,
            69,
            73,
            78,
            89,
            90,
            93,
            122,
            128,
            129,
            136,
            148,
            150,
            152,
            176,
            182,
            183,
            186,
            190,
            192,
            196,
            202,
            204,
            209,
            212,
            216,
            220,
            221,
            226,
            230,
            238,
            248,
            249,
            250,
            257,
            268,
            275,
            283,
            285,
            288,
            292,
            298,
            307,
            317,
            318,
            323,
            325,
            327
        ]
    }
}